MATERIALES;;;;;;;;;;;;;
"Importante: Los cambios realizados en esta hoja afectan a los resultados de las hojas ""Configuración"", ""Transmitancia"" y ""Condensación"".";"Importante: Los cambios realizados en esta hoja afectan a los resultados de las hojas ""Configuración"", ""Transmitancia"" y ""Condensación"".";"Importante: Los cambios realizados en esta hoja afectan a los resultados de las hojas ""Configuración"", ""Transmitancia"" y ""Condensación"".";;;;;;;;;;;
Biblioteca de materiales del complejo constructivo;;;;;;;;;;;;;
"A continuación debe seleccionar todos los materiales que serán parte del elemento constructivo a describir en la hoja ""Configuración"". Para ello debe seleccionar primero la biblioteca donde figura el material, ya sea la Biblioteca de Usuario o las Bibliotecas de Materiales por Defecto. El espesor de los materiales se modifica en la hoja ""Configuración"". Puede agregar más filas a la tabla si es necesario mediante el botón del lado derecho con el signo ""+"".";;;;;;;;;;;;;
;;;;;;;;;;;;;
;;;;;;;;;;;;;
N;Nombre largo;Tipo de material;Biblioteca;Material;Abreviatura;Propiedad térmica;Valor propiedad térmica;Propiedad difusión de vapor;Valor propiedad difusión de vapor;;;;
1;#N/A;;;;;;;;;;;;
2;#N/A;;;;;;;;;;;;
3;#N/A;;;;;;;;;;;;
4;#N/A;;;;;;;;;;;;
5;#N/A;;;;;;;;;;;;
6;#N/A;;;;;;;;;;;;
7;#N/A;;;;;;;;;;;;
8;#N/A;;;;;;;;;;;;
9;#N/A;;;;;;;;;;;;
10;#N/A;;;;;;;;;;;;
11;#N/A;;;;;;;;;;;;
12;#N/A;;;;;;;;;;;;
13;#N/A;;;;;;;;;;;;
14;#N/A;;;;;;;;;;;;
15;#N/A;;;;;;;;;;;;
;;;;;;;;;;;;;
Biblioteca de materiales de usuario;;;;;;;;;;;;;
"En esta tabla puede incorporar materiales que no existan en la biblioteca de materiales por defecto y para los cuales dispone de los antecedentes que sustentan las propiedades higrotérmicas. Puede agregar más filas a la tabla si es necesario mediante el botón del lado derecho con el signo ""+"".";;;;;;;;;;;;;
;;;;;;;;;;;;;
;;;;;;;;;;;;;
;Nombre largo;Tipo de material;N;Material;"Espesor nominal
[m]";Propiedad térmica;Valor propiedad térmica;Origen del valor térmico;Propiedad difusión de vapor;Valor propiedad difusión de vapor;Origen del valor de difusión de vapor;;
;;;1;;;;;;;;;;
;;;2;;;;;;;;;;
;;;3;;;;;;;;;;
;;;4;;;;;;;;;;
;;;5;;;;;;;;;;
;;;;;;;;;;;;;
Biblioteca de materiales por defecto DITEC (ensayados en Chile);;;;;;;;;;;;;
Lista actualizada a noviembre 2025;;;;;;;;;;;;;
;;;;;;;;;;;;;
;Nombre largo;Tipo de material;N;Material;"Espesor nominal
[m]";Propiedad térmica;Valor propiedad térmica;Propiedad difusión de vapor;Valor propiedad difusión de vapor;Observaciones;;;
;Adhesivo EIFS, R = 0 [m²K/W], ? = 60 [];;1;Adhesivo EIFS;0,001;R [m²K/W];0;? [];60;Espesor < 3 mm;;;
;Adobe de celulosa, 72% celulosa, 14% viruta y 14% arcilla ? = 584 kg/m³, ? = 0,181 [W/mK], ? = 10,84 [];;2;Adobe de celulosa, 72% celulosa, 14% viruta y 14% arcilla ? = 584 kg/m³;0,0025;? [W/mK];0,181;? [];10,84;;;;
;Cáscara de ladrillo hecho a máquina Princesa, ? = 0,252 [W/mK], ? = 140 [];;3;Cáscara de ladrillo hecho a máquina Princesa;0,009;? [W/mK];0,252;? [];140;;;;
;Celulosa proyectada ? = 75 kg/m³, ? = 0,04 [W/mK], ? = 3 [];Aislante;4;Celulosa proyectada ? = 75 kg/m³;0,044;? [W/mK];0,04;? [];3;;;;
;Corcho aglomerado ? = 105-125 kg/m³, ? = 0,046 [W/mK], ? = 16 [];Aislante;5;Corcho aglomerado ? = 105-125 kg/m³;0,04;? [W/mK];0,046;? [];16;? NCh853.2021;;;
;Enchape cerámico, ? = 1,75 [W/mK], ? = 308 [];Revestimiento;6;Enchape cerámico;0,013;? [W/mK];1,75;? [];308;? NCh853.2021;;;
;Enchape de madera contrachapada con resina fenólica ? = 595 kg/m³, ? = 0,23 [W/mK], ? = 134 [];Revestimiento;7;Enchape de madera contrachapada con resina fenólica ? = 595 kg/m³;0,003;? [W/mK];0,23;? [];134;? NCh853.2021;;;
;Enchape de madera contrachapada con resina ureica ? = 635 kg/m³, ? = 0,23 [W/mK], ? = 207 [];Revestimiento;8;Enchape de madera contrachapada con resina ureica ? = 635 kg/m³;0,003;? [W/mK];0,23;? [];207;? NCh853.2021;;;
;EPS ? = 10 kg/m³ - archipex, ? = 0,043 [W/mK], ? = 31 [];Aislante;9;EPS ? = 10 kg/m³ - archipex;0,05;? [W/mK];0,043;? [];31;? NCh853.2021;;;
;EPS ? = 15 kg/m³ - archipex, ? = 0,0413 [W/mK], ? = 35 [];Aislante;10;EPS ? = 15 kg/m³ - archipex;0,05;? [W/mK];0,0413;? [];35;? NCh853.2021;;;
;EPS ? = 20 kg/m³ - archipex, ? = 0,0384 [W/mK], ? = 38 [];Aislante;11;EPS ? = 20 kg/m³ - archipex;0,05;? [W/mK];0,0384;? [];38;? NCh853.2021;;;
;EPS ? = 25 kg/m³ - archipex, ? = 0,0384 [W/mK], ? = 46 [];Aislante;12;EPS ? = 25 kg/m³ - archipex;0,05;? [W/mK];0,0384;? [];46;? NCh853.2021;;;
;EPS ? = 30 kg/m³ - archipex, ? = 0,0361 [W/mK], ? = 55 [];Aislante;13;EPS ? = 30 kg/m³ - archipex;0,05;? [W/mK];0,0361;? [];55;? NCh853.2021;;;
;Espuma niveladora, R = 0 [m²K/W], ? = 3029 [];Aislante;14;Espuma niveladora;0,002;R [m²K/W];0;? [];3029;Espesor < 3 mm;;;
;Estuco EIFS, R = 0 [m²K/W], ? = 13 [];;15;Estuco EIFS;0,003;R [m²K/W];0;? [];13;Espesor < 3 mm;;;
;Estuco cemento (18% agua), ? = 1,4 [W/mK], ? = 32 [];;16;Estuco cemento (18% agua);0,013;? [W/mK];1,4;? [];32;? NCh853.2021;;;
;Fibra de poliéster ? = 8 kg/m³, ? = 0,06 [W/mK], ? = 2 [];Aislante;17;Fibra de poliéster ? = 8 kg/m³;0,055;? [W/mK];0,06;? [];2;? NCh853.2021;;;
;Fibrocemento ? = 1250 kg/m³, ? = 0,23 [W/mK], ? = 194 [];Revestimiento;18;Fibrocemento ? = 1250 kg/m³;0,006;? [W/mK];0,23;? [];194;? NCh853.2021;;;
;Fibrocemento ? = 1350 kg/m³, ? = 0,23 [W/mK], ? = 200 [];Revestimiento;19;Fibrocemento ? = 1350 kg/m³;0,008;? [W/mK];0,23;? [];200;? NCh853.2021;;;
;Fibrocemento Volcanboard, ? = 0,23 [W/mK], ? = 117,72 [];;20;Fibrocemento Volcanboard;0,006;? [W/mK];0,23;? [];117,72;? NCh853.2021;;;
;Fibrocemento Simplísima - Cedral ETEX, ? = 0,23 [W/mK], ? = 321 [];;21;Fibrocemento Simplísima - Cedral ETEX;0,006;? [W/mK];0,23;? [];321;? NCh853.2021;;;
;Fieltro M-1: 10-40, R = 0 [m²K/W], ? = 536 [];B. Humedad;22;Fieltro M-1: 10-40;0,00027;R [m²K/W];0;? [];536;Espesor < 3 mm;;;
;Fieltro M-2: 15-40 (N°15), R = 0 [m²K/W], ? = 365 [];B. Humedad;23;Fieltro M-2: 15-40 (N°15);0,00033;R [m²K/W];0;? [];365;Espesor < 3 mm;;;
;Fieltro M-3: 15 Libras, R = 0 [m²K/W], ? = 294 [];B. Humedad;24;Fieltro M-3: 15 Libras;0,00037;R [m²K/W];0;? [];294;Espesor < 3 mm;;;
;Hormigón premezclado H20 (3L agua por saco) ? = 2100 kg/m³, ? = 1,63 [W/mK], ? = 44 [];;25;Hormigón premezclado H20 (3L agua por saco) ? = 2100 kg/m³;0,018;? [W/mK];1,63;? [];44;? NCh853.2021;;;
;Impermeabilizante, R = 0 [m²K/W], ? = 4545 [];;26;Impermeabilizante;0,0001;R [m²K/W];0;? [];4545;Espesor < 3 mm;;;
;Klober, R = 0 [m²K/W], ? = 549 [];B. Humedad;27;Klober;0,000175;R [m²K/W];0;? [];549;Espesor < 3 mm;;;
;Ladrillo fiscal ? = 1500 kg/m³, ? = 0,5 [W/mK], ? = 9 [];;28;Ladrillo fiscal ? = 1500 kg/m³;0,046;? [W/mK];0,5;? [];9;? NCh853.2021;;;
;Lana de oveja ? = 12 kg/m³, ? = 0,043 [W/mK], ? = 2 [];Aislante;29;Lana de oveja ? = 12 kg/m³;0,05;? [W/mK];0,043;? [];2;? NCh853.2021;;;
;Lana de vidrio ? = 11 kg/m³, ? = 0,042 [W/mK], ? = 5 [];Aislante;30;Lana de vidrio ? = 11 kg/m³;0,05;? [W/mK];0,042;? [];5;? NCh853.2021;;;
;Lana de vidrio en colchoneta con papel a 1 cara ? = 35 kg/m³, ? = 0,042 [W/mK], ? = 4 [];Aislante;31;Lana de vidrio en colchoneta con papel a 1 cara ? = 35 kg/m³;0,1;? [W/mK];0,042;? [];4;;;;
;Lana mineral en colchoneta ? = 36 kg/m³, ? = 0,042 [W/mK], ? = 11 [];Aislante;32;Lana mineral en colchoneta ? = 36 kg/m³;0,04;? [W/mK];0,042;? [];11;? NCh853.2021;;;
;Lana vidrio en rollo ? = 12 kg/m³, ? = 0,042 [W/mK], ? = 2 [];Aislante;33;Lana vidrio en rollo ? = 12 kg/m³;0,05;? [W/mK];0,042;? [];2;? NCh853.2021;;;
;Lana de vidrio Aislanglass ® ? = 14 kg/m³, ? = 0,04 [W/mK], ? = 2,88 [];;34;Lana de vidrio Aislanglass ® ? = 14 kg/m³;0,04;? [W/mK];0,04;? [];2,88;;;;
;Lana de vidrio Aislanglass ® ? = 32 kg/m³, ? = 0,036 [W/mK], ? = 2,91 [];;35;Lana de vidrio Aislanglass ® ? = 32 kg/m³;0,04;? [W/mK];0,036;? [];2,91;;;;
;Mortero de pega albañilería (21,6% agua), ? = 1,4 [W/mK], ? = 21 [];;36;Mortero de pega albañilería (21,6% agua);0,013;? [W/mK];1,4;? [];21;? NCh853.2021;;;
;Mortero de pega para pisos (5L agua por saco) ? = 1800 kg/m³, ? = 1,4 [W/mK], ? = 17 [];;37;Mortero de pega para pisos (5L agua por saco) ? = 1800 kg/m³;0,019;? [W/mK];1,4;? [];17;? NCh853.2021;;;
;OSB ? = 650 kg/m³, ? = 0,14 [W/mK], ? = 371 [];Revestimiento;38;OSB ? = 650 kg/m³;0,0111;? [W/mK];0,14;? [];371;? NCh853.2021;;;
;OSB PaintPanel Louisiana Pacific ? = 685,4 kg/m³, ? = 0,13 [W/mK], ? = 259,64 [];Revestimiento;39;OSB PaintPanel Louisiana Pacific ? = 685,4 kg/m³;0,0095;? [W/mK];0,13;? [];259,64;;;;
;OSB SmartPanel Louisiana Pacific ? = 648 kg/m³, ? = 0,12 [W/mK], ? = 286,16 [];Revestimiento;40;OSB SmartPanel Louisiana Pacific ? = 648 kg/m³;0,0111;? [W/mK];0,12;? [];286,16;;;;
;Papel decomural vinílico 240 g/m², R = 0 [m²K/W], ? = 1538 [];;41;Papel decomural vinílico 240 g/m²;0,0005;R [m²K/W];0;? [];1538;Espesor < 3 mm;;;
;Papel Kraft librería 110 g/m², R = 0 [m²K/W], ? = 690 [];;42;Papel Kraft librería 110 g/m²;0,0015;R [m²K/W];0;? [];690;Espesor < 3 mm;;;
;Papel mural 200 g/m², R = 0 [m²K/W], ? = 1546 [];;43;Papel mural 200 g/m²;0,00037;R [m²K/W];0;? [];1546;Espesor < 3 mm;;;
;Pino insigne ? = 410 kg/m³, ? = 0,104 [W/mK], ? = 64 [];;44;Pino insigne ? = 410 kg/m³;0,02;? [W/mK];0,104;? [];64;? NCh853.2021;;;
;Pintura barniz marino, 2 manos, R = 0 [m²K/W], ? = 127600 [];;45;Pintura barniz marino, 2 manos;0,00001;R [m²K/W];0;? [];127600;Espesor < 3 mm;;;
;Pintura esmalte al agua (10 micras), R = 0 [m²K/W], ? = 127160 [];;46;Pintura esmalte al agua (10 micras);0,00001;R [m²K/W];0;? [];127160;Espesor < 3 mm;;;
;Pintura esmalte al agua, 2 manos, R = 0 [m²K/W], ? = 90900 [];;47;Pintura esmalte al agua, 2 manos;0,00001;R [m²K/W];0;? [];90900;Espesor < 3 mm;;;
;Pintura látex acrílico (10 micras), R = 0 [m²K/W], ? = 33440 [];;48;Pintura látex acrílico (10 micras);0,00001;R [m²K/W];0;? [];33440;Espesor < 3 mm;;;
;Pintura óleo brillante, 2 manos, R = 0 [m²K/W], ? = 162400 [];;49;Pintura óleo brillante, 2 manos;0,00001;R [m²K/W];0;? [];162400;Espesor < 3 mm;;;
;Pintura piscina, 2 manos, R = 0 [m²K/W], ? = 313600 [];;50;Pintura piscina, 2 manos;0,00001;R [m²K/W];0;? [];313600;Espesor < 3 mm;;;
;Piso flotante, e = 6 mm, ? = 0,103 [W/mK], ? = 1197 [];Revestimiento;51;Piso flotante, e = 6 mm;0,006;? [W/mK];0,103;? [];1197;? NCh853.2021;;;
;Placa de fibra de madera MDF ? = 620 kg/m³, ? = 0,23 [W/mK], ? = 20 [];Revestimiento;52;Placa de fibra de madera MDF ? = 620 kg/m³;0,012;? [W/mK];0,23;? [];20;? NCh853.2021;;;
;placa de fibrosilicato ? = 910 kg/m³, ? = 0,175 [W/mK], ? = 31 [];Revestimiento;53;placa de fibrosilicato ? = 910 kg/m³;0,01;? [W/mK];0,175;? [];31;;;;
;Placa de madera contrachapada ? = 550 kg/m³, ? = 0,23 [W/mK], ? = 51 [];Revestimiento;54;Placa de madera contrachapada ? = 550 kg/m³;0,015;? [W/mK];0,23;? [];51;? NCh853.2021;;;
;Polietileno, R = 0 [m²K/W], ? = 151800 [];B. Vapor;55;Polietileno;0,0002;R [m²K/W];0;? [];151800;Espesor < 3 mm;;;
;Revestimiento exterior de fibrocemento tinglado, ? = 0,23 [W/mK], ? = 139 [];Revestimiento;56;Revestimiento exterior de fibrocemento tinglado;0,006;? [W/mK];0,23;? [];139;? NCh853.2021;;;
;Revoque fino de tierra (2½ arena gruesa, 1½ arena fina, 1 arcilla y agua), ? = 0,55 [W/mK], ? = 13 [];;57;Revoque fino de tierra (2½ arena gruesa, 1½ arena fina, 1 arcilla y agua);0,03;? [W/mK];0,55;? [];13;;;;
;Revoque grueso de tierra (2½ arena gruesa, 1½ arena fina, 1 arcilla, ½ paja, 1 agua), ? = 0,74 [W/mK], ? = 17 [];;58;Revoque grueso de tierra (2½ arena gruesa, 1½ arena fina, 1 arcilla, ½ paja, 1 agua);0,03;? [W/mK];0,74;? [];17;;;;
;Superfieltro Volcán muro 40 m², R = 0 [m²K/W], ? = 420,5 [];;59;Superfieltro Volcán muro 40 m²;0,00027;R [m²K/W];0;? [];420,5;;;;
;Terciado ranurado ? = 570 kg/m³, ? = 0,23 [W/mK], ? = 293 [];Revestimiento;60;Terciado ranurado ? = 570 kg/m³;0,009;? [W/mK];0,23;? [];293;;;;
;Typro, R = 0 [m²K/W], ? = 253 [];B. Humedad;61;Typro;0,0035;R [m²K/W];0;? [];253;Espesor < 3 mm;;;
;Tyvek homewrap, R = 0 [m²K/W], ? = 1761 [];B. Humedad;62;Tyvek homewrap;0,00012;R [m²K/W];0;? [];1761;Espesor < 3 mm;;;
;Volcán Wrap barrera de vapor, R = 0 [m²K/W], ? = 125839 [];B. Humedad;63;Volcán Wrap barrera de vapor;0,000095;R [m²K/W];0;? [];125839;Espesor < 3 mm;;;
;Volcanwrap Typar 125 m², R = 0 [m²K/W], ? = 1453,53 [];;64;Volcanwrap Typar 125 m²;0,00025;R [m²K/W];0;? [];1453,53;Espesor < 3 mm;;;
;XPS Cerámica Stgo Aislagreen 50mm, ? = 0,037 [W/mK], ? = 223,87 [];;65;XPS Cerámica Stgo Aislagreen 50mm;0,05;? [W/mK];0,037;? [];223,87;;;;
;Yeso cartón RF ? = 840 kg/m³, ? = 0,31 [W/mK], ? = 12 [];Revestimiento;66;Yeso cartón RF ? = 840 kg/m³;0,0125;? [W/mK];0,31;? [];12;? NCh853.2021;;;
;Yeso cartón RH ? = 760 kg/m³, ? = 0,26 [W/mK], ? = 11 [];Revestimiento;67;Yeso cartón RH ? = 760 kg/m³;0,0125;? [W/mK];0,26;? [];11;? NCh853.2021;;;
;Yeso Cartón ST ? = 750 kg/m³, ? = 0,24 [W/mK], ? = 20 [];Revestimiento;68;Yeso Cartón ST ? = 750 kg/m³;0,01;? [W/mK];0,24;? [];20;? NCh853.2021;;;
;;;;;;;;;;;;;
Biblioteca de capas de aire según se define en NCh 853 y NCh1973;;;;;;;;;;;;;
;;;;;;;;;;;;;
;;;;;;;;;;;;;
;;;;;;;;;;;;;
;;;;Material;Propiedad térmica;Valor propiedad térmica;Propiedad difusión de vapor;Valor propiedad difusión de vapor;;;;;
;;;;Cámara de aire no ventilada;R [m²K/W];Variable según espesor;Sd [m];0,01;;;;;
;;;;;;;;;;;;;
Biblioteca de materiales ISO 10456. Tabla 3 - Valores térmicos de diseño para materiales en aplicaciones generales de la edificación;;;;;;;;;;;;;
;;;;;;;;;;;;;
;Nombre largo;Columna1;Grupo;Materiales o aplicación;"Densidad
?
kg/m³";"Conductividad térmica de diseño
?
W/(m?K)";"Capacidad calorífica específica
CP
J/(kg?K)";"factor de resistencia al vapor de agua
?
seco";"factor de resistencia al vapor de agua
?
húmedo";;;;
;---Asfalto---;;;;;;;;;;;;
;Asfalto, ? = 2100 kg/m³;;Asfalto;Asfalto;2100;0,70;1000;50000;50000;;;;
;---Bitumen---;;;;;;;;;;;;
;Bitumen - Puro, ? = 1050 kg/m³;;Bitumen;Puro;1050;0,17;1000;50000;50000;;;;
;Bitumen - Fieltro/lámina, ? = 1100 kg/m³;;Bitumen;Fieltro/lámina;1100;0,23;1000;50000;50000;;;;
;---Hormigón---;;;;;;;;;;;;
;Hormigón - Densidad media, ? = 1800 kg/m³;;Hormigón;Densidad media;1800;1,15;1000;100;60;;;;
;Hormigón - Densidad media, ? = 2000 kg/m³;;Hormigón;Densidad media;2000;1,35;1000;100;60;;;;
;Hormigón - Densidad media, ? = 2200 kg/m³;;Hormigón;Densidad media;2200;1,65;1000;120;70;;;;
;Hormigón - Densidad alta, ? = 2400 kg/m³;;Hormigón;Densidad alta;2400;2,00;1000;130;80;;;;
;Hormigón - Armado (1% de acero), ? = 2300 kg/m³;;Hormigón;Armado (1% de acero);2300;2,30;1000;130;80;;;;
;Hormigón - Armado (2% de acero), ? = 2400 kg/m³;;Hormigón;Armado (2% de acero);2400;2,50;1000;130;80;;;;
;---Recubrimientos de piso---;;;;;;;;;;;;
;Recubrimientos de piso - Caucho, ? = 1200 kg/m³;;Recubrimientos de piso;Caucho;1200;0,17;1400;10000;10000;;;;
;Recubrimientos de piso - Plástico, ? = 1700 kg/m³;;Recubrimientos de piso;Plástico;1700;0,25;1400;10000;10000;;;;
;Recubrimientos de piso - caucho celular o plástico sobre radier, ? = 270 kg/m³;;Recubrimientos de piso;caucho celular o plástico sobre radier;270;0,10;1400;10000;10000;;;;
;Recubrimientos de piso - fieltro sobre radier, ? = 120 kg/m³;;Recubrimientos de piso;fieltro sobre radier;120;0,05;1300;20;15;;;;
;Recubrimientos de piso - lana sobre radier, ? = 200 kg/m³;;Recubrimientos de piso;lana sobre radier;200;0,06;1300;20;15;;;;
;Recubrimientos de piso - corcho sobre radier, ? = < 200 kg/m³;;Recubrimientos de piso;corcho sobre radier;< 200;0,05;1500;20;10;;;;
;Recubrimientos de piso - corcho, palmetas, ? = > 400 kg/m³;;Recubrimientos de piso;corcho, palmetas;> 400;0,07;1500;40;20;;;;
;Recubrimientos de piso - alfombra / recubrimiento textil, ? = 200 kg/m³;;Recubrimientos de piso;alfombra / recubrimiento textil;200;0,06;1300;5;5;;;;
;Recubrimientos de piso - linóleo, ? = 1200 kg/m³;;Recubrimientos de piso;linóleo;1200;0,17;1400;1000;800;;;;
;---Gases---;;;;;;;;;;;;
;Gases - aire, ? = 1,23 kg/m³;;Gases;aire;1,23;0,03;1008;1;1;;;;
;Gases - dióxido de carbono, ? = 1,95 kg/m³;;Gases;dióxido de carbono;1,95;0,01;820;1;1;;;;
;Gases - argón, ? = 1,7 kg/m³;;Gases;argón;1,7;0,02;519;1;1;;;;
;Gases - Hexafloruro de azufre, ? = 6,36 kg/m³;;Gases;Hexafloruro de azufre;6,36;0,01;614;1;1;;;;
;Gases - kriptón, ? = 3,56 kg/m³;;Gases;kriptón;3,56;0,01;245;1;1;;;;
;Gases - xenón, ? = 5,68 kg/m³;;Gases;xenón;5,68;0,01;160;1;1;;;;
;---Vidrio---;;;;;;;;;;;;
;Vidrio - de cal sodada (incluyendo vidrio flotado), ? = 2500 kg/m³;;Vidrio;de cal sodada (incluyendo vidrio flotado);2500;1,00;750;inf;inf;;;;
;Vidrio - de cuarzo, ? = 2200 kg/m³;;Vidrio;de cuarzo;2200;1,40;750;inf;inf;;;;
;Vidrio - mosaico, ? = 2000 kg/m³;;Vidrio;mosaico;2000;1,20;750;inf;inf;;;;
;---Agua---;;;;;;;;;;;;
;agua - hielo a -10 °C, ? = 920 kg/m³;;agua;hielo a -10 °C;920;2,30;2000;-;-;;;;
;agua - hielo a 0 °C, ? = 900 kg/m³;;agua;hielo a 0 °C;900;2,20;2000;-;-;;;;
;agua - nieve, recién caida (< 30 mm), ? = 100 kg/m³;;agua;nieve, recién caida (< 30 mm);100;0,05;2000;-;-;;;;
;agua - nieve, suave (30 a 70 mm), ? = 200 kg/m³;;agua;nieve, suave (30 a 70 mm);200;0,12;2000;-;-;;;;
;agua - nieve, levemente compactada (70 a 100 mm), ? = 300 kg/m³;;agua;nieve, levemente compactada (70 a 100 mm);300;0,23;2000;-;-;;;;
;agua - nieve, compactada (< 200 mm), ? = 500 kg/m³;;agua;nieve, compactada (< 200 mm);500;0,60;2000;-;-;;;;
;agua - agua a 10 °C, ? = 1000 kg/m³;;agua;agua a 10 °C;1000;0,60;4190;-;-;;;;
;agua - agua a 40 °C, ? = 990 kg/m³;;agua;agua a 40 °C;990;0,63;4190;-;-;;;;
;agua - agua a 80 °C, ? = 970 kg/m³;;agua;agua a 80 °C;970;0,67;4190;-;-;;;;
;---Metales---;;;;;;;;;;;;
;metales - Aleaciones de aluminio, ? = 2800 kg/m³;;metales;Aleaciones de aluminio;2800;160;880;inf;inf;;;;
;metales - Bronce, ? = 8700 kg/m³;;metales;Bronce;8700;65;380;inf;inf;;;;
;metales - Latón, ? = 8400 kg/m³;;metales;Latón;8400;120;380;inf;inf;;;;
;metales - Cobre, ? = 8900 kg/m³;;metales;Cobre;8900;380;380;inf;inf;;;;
;metales - Hierro, hierro fundido, ? = 7500 kg/m³;;metales;Hierro, hierro fundido;7500;50;450;inf;inf;;;;
;metales - Plomo, ? = 11300 kg/m³;;metales;Plomo;11300;35;130;inf;inf;;;;
;metales - Acero, ? = 7800 kg/m³;;metales;Acero;7800;50;450;inf;inf;;;;
;metales - Acero inoxidable, ? = 7900 kg/m³;;metales;Acero inoxidable;7900;17;500;inf;inf;;;;
;metales - Acero inoxidable, ? = 7900 kg/m³;;metales;Acero inoxidable;7900;30;460;inf;inf;;;;
;metales - Zinc, ? = 7200 kg/m³;;metales;Zinc;7200;110;380;inf;inf;;;;
;---Plásticos---;;;;;;;;;;;;
;Plásticos - Acrílico, ? = 1050 kg/m³;;Plásticos;Acrílico;1050;0,20;1500;10000;10000;;;;
;Plásticos - Policarbonato, ? = 1200 kg/m³;;Plásticos;Policarbonato;1200;0,20;1200;5000;5000;;;;
;Plásticos - Politetrafluoretileno (PTFE), ? = 2200 kg/m³;;Plásticos;Politetrafluoretileno (PTFE);2200;0,25;1000;10000;10000;;;;
;Plásticos - Policloruro de vinilo (PVC), ? = 1390 kg/m³;;Plásticos;Policloruro de vinilo (PVC);1390;0,17;900;50000;50000;;;;
;Plásticos - Polimetilmetacrilato (PMMA), ? = 1180 kg/m³;;Plásticos;Polimetilmetacrilato (PMMA);1180;0,18;1500;50000;50000;;;;
;Plásticos - Poliacetato, ? = 1410 kg/m³;;Plásticos;Poliacetato;1410;0,30;1400;100000;100000;;;;
;Plásticos - Poliamida (nylon), ? = 1150 kg/m³;;Plásticos;Poliamida (nylon);1150;0,25;1600;50000;50000;;;;
;Plásticos - Poliamida 6,6 con 25% fibra de vidrio, ? = 1450 kg/m³;;Plásticos;Poliamida 6,6 con 25% fibra de vidrio;1450;0,30;1600;50000;50000;;;;
;Plásticos - Polietileno/polietano, alta densidad, ? = 980 kg/m³;;Plásticos;Polietileno/polietano, alta densidad;980;0,50;1800;100000;100000;;;;
;Plásticos - Polietileno/polietano, baja densidad, ? = 920 kg/m³;;Plásticos;Polietileno/polietano, baja densidad;920;0,33;2200;100000;100000;;;;
;Plásticos - Poliestireno, ? = 1050 kg/m³;;Plásticos;Poliestireno;1050;0,16;1300;100000;100000;;;;
;Plásticos - Polipropileno, ? = 910 kg/m³;;Plásticos;Polipropileno;910;0,22;1800;10000;10000;;;;
;Plásticos - Polipropileno con 25% fibra de vidrio, ? = 1200 kg/m³;;Plásticos;Polipropileno con 25% fibra de vidrio;1200;0,25;1800;10000;10000;;;;
;Plásticos - Poliuretano (PU), ? = 1200 kg/m³;;Plásticos;Poliuretano (PU);1200;0,25;1800;6000;6000;;;;
;Plásticos - Resina epóxica, ? = 1200 kg/m³;;Plásticos;Resina epóxica;1200;0,20;1400;10000;10000;;;;
;Plásticos - Resina fenólica, ? = 1300 kg/m³;;Plásticos;Resina fenólica;1300;0,30;1700;100000;100000;;;;
;Plásticos - Resina poliéster, ? = 1400 kg/m³;;Plásticos;Resina poliéster;1400;0,19;1200;10000;10000;;;;
;---Caucho---;;;;;;;;;;;;
;Caucho - Natural, ? = 910 kg/m³;;Caucho;Natural;910;0,13;1100;10000;10000;;;;
;Caucho - Neopreno (policloropreno), ? = 1240 kg/m³;;Caucho;Neopreno (policloropreno);1240;0,23;2140;10000;10000;;;;
;Caucho - Butilo, (isobutano), sólido/caliente derretido, ? = 1200 kg/m³;;Caucho;Butilo, (isobutano), sólido/caliente derretido;1200;0,24;1400;200000;200000;;;;
;Caucho - Espuma de caucho, ? = 60-80 kg/m³;;Caucho;Espuma de caucho;60-80;0,06;1500;7000;7000;;;;
;Caucho - Caucho duro (ebonita), sólido, ? = 1200 kg/m³;;Caucho;Caucho duro (ebonita), sólido;1200;0,17;1400;inf;inf;;;;
;Caucho - EPDM, ? = 1150 kg/m³;;Caucho;EPDM;1150;0,25;1000;6000;6000;;;;
;Caucho - Poliisobutileno, ? = 930 kg/m³;;Caucho;Poliisobutileno;930;0,20;1100;10000;10000;;;;
;Caucho - Polisulfuro, ? = 1700 kg/m³;;Caucho;Polisulfuro;1700;0,40;1000;10000;10000;;;;
;Caucho - Butadieno, ? = 980 kg/m³;;Caucho;Butadieno;980;0,25;1000;100000;100000;;;;
;---Materiales sellantes, impermeabilizantes y otros---;;;;;;;;;;;;
;Sellantes y otros - Gel de sílice (desecante), ? = 720 kg/m³;;Sellantes y otros;Gel de sílice (desecante);720;0,13;1000;inf;inf;;;;
;Sellantes y otros - Silicona, pura, ? = 1200 kg/m³;;Sellantes y otros;Silicona, pura;1200;0,35;1000;5000;5000;;;;
;Sellantes y otros - Silicona, rellena, ? = 1450 kg/m³;;Sellantes y otros;Silicona, rellena;1450;0,50;1000;5000;5000;;;;
;Sellantes y otros - Espuma de silicona, ? = 750 kg/m³;;Sellantes y otros;Espuma de silicona;750;0,12;1000;10000;10000;;;;
;Sellantes y otros - uretano/poliuretano (quiebre térmico), ? = 1300 kg/m³;;Sellantes y otros;uretano/poliuretano (quiebre térmico);1300;0,21;1800;60;60;;;;
;Sellantes y otros - PVC, flexible, con 40% de suavisante, ? = 1200 kg/m³;;Sellantes y otros;PVC, flexible, con 40% de suavisante;1200;0,14;1000;100000;100000;;;;
;Sellantes y otros - espuma elastomérica, flexible, ? = 60-80 kg/m³;;Sellantes y otros;espuma elastomérica, flexible;60-80;0,05;1500;10000;10000;;;;
;Sellantes y otros - espuma de poliuretano (PU), ? = 70 kg/m³;;Sellantes y otros;espuma de poliuretano (PU);70;0,05;1500;60;60;;;;
;Sellantes y otros - Espuma de polietileno, ? = 70 kg/m³;;Sellantes y otros;Espuma de polietileno;70;0,05;2300;100;100;;;;
;---Yeso---;;;;;;;;;;;;
;Yeso - Yeso, ? = 600 kg/m³;;Yeso;Yeso;600;0,18;1000;10;4;;;;
;Yeso - Yeso, ? = 900 kg/m³;;Yeso;Yeso;900;0,40;1000;10;4;;;;
;Yeso - Yeso, ? = 1200 kg/m³;;Yeso;Yeso;1200;0,57;1000;10;4;;;;
;Yeso - Yeso, ? = 1500 kg/m³;;Yeso;Yeso;1500;0,80;1000;10;4;;;;
;Yeso - Yeso cartón, ? = 700 kg/m³;;Yeso;Yeso cartón;700;0,80;1000;10;4;;;;
;Yeso - Yeso, ? = 900 kg/m³;;Yeso;Yeso;900;1,00;1000;10;4;;;;
;---Enlucidos---;;;;;;;;;;;;
;Enlucidos - Enlucido de yeso aislante, ? = 600 kg/m³;;Enlucidos;Enlucido de yeso aislante;600;0,18;1000;10;6;;;;
;Enlucidos - Enlucido de yeso, ? = 1000 kg/m³;;Enlucidos;Enlucido de yeso;1000;0,40;1000;10;6;;;;
;Enlucidos - Enlucido de yeso, ? = 1300 kg/m³;;Enlucidos;Enlucido de yeso;1300;0,57;1000;10;6;;;;
;Enlucidos - Yeso, arena, ? = 1600 kg/m³;;Enlucidos;Yeso, arena;1600;0,80;1000;10;6;;;;
;Enlucidos - Cal, arena, ? = 1600 kg/m³;;Enlucidos;Cal, arena;1600;0,80;1000;10;6;;;;
;Enlucidos - Cemento, arena, ? = 1800 kg/m³;;Enlucidos;Cemento, arena;1800;1,00;1000;10;6;;;;
;---Suelos---;;;;;;;;;;;;
;suelos - Arcilla o sedimentos, ? = 1200-1800 kg/m³;;suelos;Arcilla o sedimentos;1200-1800;1,50;1670-2500;50;50;;;;
;suelos - Arena y grava, ? = 1700-2200 kg/m³;;suelos;Arena y grava;1700-2200;2,00;910-1180;50;50;;;;
;---Rocas---;;;;;;;;;;;;
;rocas - Natural, roca cristalina, ? = 2800 kg/m³;;rocas;Natural, roca cristalina;2800;3,50;1000;10000;10000;;;;
;rocas - Natural, roca sedimentaria, ? = 2600 kg/m³;;rocas;Natural, roca sedimentaria;2600;2,30;1000;250;200;;;;
;rocas - Natural, roca sedimentaria, liviana, ? = 1500 kg/m³;;rocas;Natural, roca sedimentaria, liviana;1500;0,85;1000;30;20;;;;
;rocas - Natural, porosa, por ej. lava, ? = 1600 kg/m³;;rocas;Natural, porosa, por ej. lava;1600;0,55;1000;20;15;;;;
;rocas - Basalto, ? = 2700-3000 kg/m³;;rocas;Basalto;2700-3000;3,50;1000;10000;10000;;;;
;rocas - Gneis, ? = 2400-2700 kg/m³;;rocas;Gneis;2400-2700;3,50;1000;10000;10000;;;;
;rocas - Granito, ? = 2500-2700 kg/m³;;rocas;Granito;2500-2700;2,80;1000;10000;10000;;;;
;rocas - Mármol, ? = 2800 kg/m³;;rocas;Mármol;2800;3,50;1000;10000;10000;;;;
;rocas - Pizarra, ? = 2000-2800 kg/m³;;rocas;Pizarra;2000-2800;2,20;1000;1000;800;;;;
;rocas - Piedra caliza, extra suave, ? = 1600 kg/m³;;rocas;Piedra caliza, extra suave;1600;0,85;1000;30;20;;;;
;rocas - Piedra caliza, suave, ? = 1800 kg/m³;;rocas;Piedra caliza, suave;1800;1,10;1000;40;25;;;;
;rocas - Piedra caliza, semi dura, ? = 2000 kg/m³;;rocas;Piedra caliza, semi dura;2000;1,40;1000;50;40;;;;
;rocas - Piedra caliza, dura, ? = 2200 kg/m³;;rocas;Piedra caliza, dura;2200;1,70;1000;200;150;;;;
;rocas - Piedra caliza, extra dura, ? = 2600 kg/m³;;rocas;Piedra caliza, extra dura;2600;2,30;1000;250;200;;;;
;rocas - Roca arenosa (sílice), ? = 2600 kg/m³;;rocas;Roca arenosa (sílice);2600;2,30;1000;40;30;;;;
;rocas - Piedra pómez natural, ? = 400 kg/m³;;rocas;Piedra pómez natural;400;0,12;1000;8;6;;;;
;rocas - Piedra artificial, ? = 1750 kg/m³;;rocas;Piedra artificial;1750;1,30;1000;50;40;;;;
;---Tejas---;;;;;;;;;;;;
;Tejas - Arcilla, ? = 2000 kg/m³;;Tejas;Arcilla;2000;1,00;800;40;30;;;;
;Tejas - concreto, ? = 2100 kg/m³;;Tejas;concreto;2100;1,50;100;100;60;;;;
;---Baldosas---;;;;;;;;;;;;
;Baldosas - cerámica/porcelana, ? = 2300 kg/m³;;Baldosas;cerámica/porcelana;2300;1,30;840;inf;inf;;;;
;Baldosas - Plástica, ? = 1000 kg/m³;;Baldosas;Plástica;1000;0,20;1000;10000;10000;;;;
;---Madera---;;;;;;;;;;;;
;madera - Pino, ? = 450 kg/m³;;madera;Pino;450;0,12;1600;50;20;;;;
;madera - Pino, ? = 500 kg/m³;;madera;Pino;500;0,13;1600;50;20;;;;
;madera - Pino, ? = 700 kg/m³;;madera;Pino;700;0,18;1600;200;50;;;;
;---Tableros de madera---;;;;;;;;;;;;
;Tableros de madera - Contrachapada, ? = 300 kg/m³;;Tableros de madera;Contrachapada;300;0,09;1600;150;50;;;;
;Tableros de madera - Contrachapada, ? = 500 kg/m³;;Tableros de madera;Contrachapada;500;0,13;1600;200;70;;;;
;Tableros de madera - Contrachapada, ? = 700 kg/m³;;Tableros de madera;Contrachapada;700;0,17;1600;220;90;;;;
;Tableros de madera - Contrachapada, ? = 1000 kg/m³;;Tableros de madera;Contrachapada;1000;0,24;1600;250;110;;;;
;Tableros de madera - partículas aglomeradas con cemento, ? = 1200 kg/m³;;Tableros de madera;partículas aglomeradas con cemento;1200;0,23;1500;50;30;;;;
;Tableros de madera - aglomerada, ? = 300 kg/m³;;Tableros de madera;aglomerada;300;0,10;1700;50;10;;;;
;Tableros de madera - aglomerada, ? = 600 kg/m³;;Tableros de madera;aglomerada;600;0,14;1700;50;15;;;;
;Tableros de madera - aglomerada, ? = 900 kg/m³;;Tableros de madera;aglomerada;900;0,18;1700;50;20;;;;
;Tableros de madera - OSB, ? = 650 kg/m³;;Tableros de madera;OSB;650;0,13;1700;50;30;;;;
;Tableros de madera - fibras, incluyendo MDF, ? = 250 kg/m³;;Tableros de madera;fibras, incluyendo MDF;250;0,07;1700;5;3;;;;
;Tableros de madera - fibras, incluyendo MDF, ? = 400 kg/m³;;Tableros de madera;fibras, incluyendo MDF;400;0,10;1700;10;5;;;;
;Tableros de madera - fibras, incluyendo MDF, ? = 600 kg/m³;;Tableros de madera;fibras, incluyendo MDF;600;0,14;1700;20;12;;;;
;Tableros de madera - fibras, incluyendo MDF, ? = 800 kg/m³;;Tableros de madera;fibras, incluyendo MDF;800;0,18;1700;30;20;;;;
;;;;;;;;;;;;;
;;;;;;;;;;;;;
Biblioteca de materiales ISO 10456. Tabla 5 - Difusión de vapor de agua - espesor de aire equivalente;;;;;;;;;;;;;
;;;;;;;;;;;;;
;;;;;;;;;;;;;
;;;;Producto/material;"Espesor de aire equivalente
Sd
m";;;;;;;;
;;;;Polietileno 0,15 mm;50;;;;;;;;
;;;;Polietileno 0,25 mm;100;;;;;;;;
;;;;Lámina de poliester 0,2 mm;50;;;;;;;;
;;;;Lámina de PVC;30;;;;;;;;
;;;;Lámina de aluminio 0,05 mm;1500;;;;;;;;
;;;;Lámina de PE 0,15 mm;8;;;;;;;;
;;;;Papel bituminoso 0,1 mm;2;;;;;;;;
;;;;Papel de aluminio 0,4 mm;10;;;;;;;;
;;;;membrana respirable;0,2;;;;;;;;
;;;;Pintura - emulsión;0,1;;;;;;;;
;;;;Pintura - gloss;3;;;;;;;;
;;;;Papel mural vinílico;2;;;;;;;;
