1;2;3;4;5;6;7;8;9;;;;;;;
;Materiales para ingresar a hojas de cálculo;;;;;;;;;;;;;;
Nombre para mostrar;N°;Origen de datos;Lista origen;Material y/o descripción;Nombre abreviado para gráficos;"Espesor
m";"Conductividad térmica
?
W/(m?K)";Propiedad de la difusión de vapor de agua y su valor;;;;;;;
-;1;;#N/A;;;;;#N/A;?:;Factor de resistencia al vapor de agua;;;;;
-;2;;#N/A;;;;;#N/A;Sd:;Espesor de capa de aire equivalente a la difusión de vapor de agua;;;;;
-;3;;#N/A;;;;;#N/A;?p:;Permeabilidad al vapor de agua;;;;;
-;4;;#N/A;;;;;#N/A;Wp:;Permeancia al vapor de agua;;;;;
-;5;;#N/A;;;;;#N/A;Zp:;Resistencia al vapor de agua;;;;;
-;6;;#N/A;;;;;#N/A;inf:;Infinito;;;;;
-;7;;#N/A;;;;;#N/A;;;;;;;
-;8;;#N/A;;;;;#N/A;;;;;;;
-;9;;#N/A;;;;;#N/A;;;;;;;
-;10;;#N/A;;;;;#N/A;;;;;;;
-;11;;#N/A;;;;;#N/A;;;;;;;
-;12;;#N/A;;;;;#N/A;;;;;;;
-;13;;#N/A;;;;;#N/A;;;;;;;
-;14;;#N/A;;;;;#N/A;;;;;;;
-;15;;#N/A;;;;;#N/A;;;;;;;
-;16;;#N/A;;;;;#N/A;;;;;;;
-;17;;#N/A;;;;;#N/A;;;;;;;
-;18;;#N/A;;;;;#N/A;;;;;;;
-;19;;#N/A;;;;;#N/A;;;;;;;
-;20;;#N/A;;;;;#N/A;;;;;;;
;"***IMPORTANTE*** en caso de requerir incorporar un perfil de acero de dimensiones y/o espesor distintos a los señalados en la tabla ""NCh 853.Of2007"" de más abajo, en columna ORIGEN DE DATOS seleccione ""NCh 853.Of2007"", luego en columna MATERIAL Y/O DESCRIPCIÓN seleccione ""Perfil acero"", en columna ESPESOR ingrese la dimensión mayor de la sección del perfil y en columna CONDUCTIVIDAD ingrese la resistencia térmica (R) obtenida de la hoja ""ANEXO CÁLCULOS"" de la forma ""R=x,xxx"" (sin espacios), por ej: R=0,123.";;;;;;;;;;;;;;
BIBLIOTECA DE MATERIALES;BIBLIOTECA DE MATERIALES;;;;;;;;;;;;;;
;;;;;;;;;;;;;;;
;;;;Materiales definidos por usuario;;;;;;;;;;;
;;;;Nombre y/o descripción material;"Espesor
m";"Conductividad térmica
?
W/(m?K)";Propiedad de la difusión de vapor de agua conocida (elegir una);Valor de la propiedad de difusión de vapor de agua;;;;;;;
;;;;;;;;;?:;Factor de resistencia al vapor de agua;;;;;
;;;;;;;;;Sd:;Espesor de capa de aire equivalente a la difusión de vapor de agua;;;;;
;;;;;;;;;?p:;Permeabilidad al vapor de agua;;;;;
;;;;;;;;;Wp:;Permeancia al vapor de agua;;;;;
;;;;;;;;;Zp:;Resistencia al vapor de agua;;;;;
;;;;;;;;;;;;;;;
;;;;;;;;;;;;;;;
;;;;;;;;;;;;;;;
;;;;;;;;;;;;;;;
;;;;;;;;;;;;;;;
;;;;;;;;;;;;;;;
;;;;;;;;;;;;;;;
;;;;;;;;;;;;;;;
;;;;;;;;;;;;;;;
;;;;;;;;;;;;;;;
;;;;;;;;;;;;;;;
;;;;Materiales ensayados en Chile - actualizado a marzo de 2023;;;;;;;;;;;
;;;;Material;"Espesor
[m]";"Resistencia a la difusión de vapor
Zp
MNs/g";"Resistividad a la difusión de vapor
msPa/kg";"Factor de resistencia al vapor de agua 
?";;;;;;;
;;;;Adhesivo EIFS;0,001;0,3;3,00,E+11;60;;;;;;;
;;;;Adobe de celulosa, 72% celulosa, 14% viruta y 14% arcilla ? = 584 kg/m³;0,0025;;;11;;;;;;;
;;;;Cáscara de ladrillo hecho a máquina Princesa;0,009;;;140;;;;;;;
;;;;Celulosa proyectada  ? = 75 kg/m³;0,044;0,7;1,69,E+10;3;;;;;;;
;;;;Corcho aglomerado ? = 105-125 kg/m³;0,04;3,2;8,04,E+10;16;;;;;;;
;;;;Enchape cerámico;0,013;20,0;1,54,E+12;308;;;;;;;
;;;;Enchape de madera contrachapada con resina fenólica ? = 595 kg/m³;0,003;2,0;6,71,E+11;134;;;;;;;
;;;;Enchape de madera contrachapada con resina ureica ? = 635 kg/m³;0,003;3,1;1,03,E+12;207;;;;;;;
;;;;EPS ? = 10 kg/m³ - archipex;0,05;6,9;1,39,E+11;31;;;;;;;
;;;;EPS ? = 15 kg/m³ - archipex;0,05;8,1;1,61,E+11;35;;;;;;;
;;;;EPS ? = 20 kg/m³ - archipex;0,05;8,6;1,72,E+11;38;;;;;;;
;;;;EPS ? = 25 kg/m³ - archipex;0,05;10,4;2,08,E+11;46;;;;;;;
;;;;EPS ? = 30 kg/m³ - archipex;0,05;12,5;2,50,E+11;55;;;;;;;
;;;;Espuma niveladora;0,002;30,3;1,51,E+13;3029;;;;;;;
;;;;Estuco EIFS;0,003;0,2;6,50,E+10;13;;;;;;;
;;;;Estuco cemento (18% agua);0,013;2,1;1,59,E+11;32;;;;;;;
;;;;Fibra de poliéster ? = 8 kg/m³;0,055;0,7;1,23,E+10;2;;;;;;;
;;;;Fibrocemento ? = 1250 kg/m³;0,006;5,3;8,83,E+11;194;;;;;;;
;;;;Fibrocemento ? = 1350 kg/m³;0,008;8,0;1,00,E+12;200;;;;;;;
;;;;Fibrocemento Volcanboard;0,006;;;118;;;;;;;
;;;;Fibrocemento Simplísima - Cedral ETEX;0,006;;;321;;;;;;;
;;;;Fieltro M-1: 10-40;0,00027;0,7;2,44,E+12;536;;;;;;;
;;;;Fieltro M-2: 15-40 (N°15);0,00033;0,5;1,66,E+12;365;;;;;;;
;;;;Fieltro M-3: 15 Libras;0,00037;0,5;1,34,E+12;294;;;;;;;
;;;;Hormigón premezclado H20 (3L agua por saco) ? = 2100 kg/m³;0,018;4,0;2,20,E+11;44;;;;;;;
;;;;Impermeabilizante;0,0001;2,3;2,27,E+13;4545;;;;;;;
;;;;Klober;0,000175;0,4;2,50,E+12;549;;;;;;;
;;;;Ladrillo fiscal ? = 1500 kg/m³;0,046;2,2;4,68,E+10;9;;;;;;;
;;;;Lana de oveja ? = 12 kg/m³;0,05;0,6;1,12,E+10;2;;;;;;;
;;;;Lana de vidrio  ? = 11 kg/m³;0,05;1,1;2,22,E+10;5;;;;;;;
;;;;Lana de vidrio en colchoneta con papel a 1 cara ? = 35 kg/m³;0,1;2,2;2,22,E+10;4;;;;;;;
;;;;Lana mineral en colchoneta ? = 36 kg/m³;0,04;2,2;5,59,E+10;11;;;;;;;
;;;;Lana vidrio en rollo ? = 12 kg/m³;0,05;0,6;1,24,E+10;2;;;;;;;
;;;;Lana de vidrio Aislanglass ® ? = 14 kg/m³;0,04;;;3;;;;;;;
;;;;Lana de vidrio Aislanglass ® ? = 32 kg/m³;0,04;;;3;;;;;;;
;;;;Mortero de pega albañilería (21,6% agua);0,013;1,4;1,04,E+11;21;;;;;;;
;;;;Mortero de pega para pisos (5L agua por saco) ? = 1800 kg/m³;0,019;1,6;8,53,E+10;17;;;;;;;
;;;;OSB  ? = 650 kg/m³;0,0111;18,7;1,68,E+12;371;;;;;;;
;;;;OSB PaintPanel Louisiana Pacific ? = 685,4 kg/m³;0,0095;12,4;1,30,E+12;260;;;;;;;
;;;;OSB SmartPanel Louisiana Pacific ? = 648 kg/m³;0,0111;15,9;1,43,E+12;286;;;;;;;
;;;;Papel decomural vinílico 240 g/m²;0,0005;3,8;7,69,E+12;1538;;;;;;;
;;;;Papel Kraft librería 110 g/m²;0,0015;5,2;3,45,E+12;690;;;;;;;
;;;;Papel mural 200 g/m²;0,00037;2,9;7,73,E+12;1546;;;;;;;
;;;;Pino insigne  ? = 410 kg/m³;0,02;5,8;2,92,E+11;64;;;;;;;
;;;;Pintura barniz marino, 2 manos;0,00001;6,4;6,38,E+14;127600;;;;;;;
;;;;Pintura esmalte al agua (10 micras);0,00001;5,8;5,78,E+14;127160;;;;;;;
;;;;Pintura esmalte al agua, 2 manos;0,00001;4,5;4,55,E+14;90900;;;;;;;
;;;;Pintura látex acrílico (10 micras);0,00001;1,5;1,52,E+14;33440;;;;;;;
;;;;Pintura óleo brillante, 2 manos;0,00001;8,1;8,12,E+14;162400;;;;;;;
;;;;Pintura piscina, 2 manos;0,00001;15,7;1,57,E+15;313600;;;;;;;
;;;;Piso flotante, e = 6 mm;0,006;35,9;5,99,E+12;1197;;;;;;;
;;;;Placa de fibra de madera MDF ? = 620 kg/m³;0,012;1,2;1,02,E+11;20;;;;;;;
;;;;placa de fibrosilicato ? = 910 kg/m³;0,01;1,6;1,56,E+11;31;;;;;;;
;;;;Placa de madera contrachapada ? = 550 kg/m³;0,015;3,8;2,53,E+11;51;;;;;;;
;;;;Polietileno;0,0002;138,0;6,90,E+14;151800;;;;;;;
;;;;Poliuretano proyectado, ? = 9,5 kg/m³;0,05;3,6;7,14,E+10;14;;;;;;;
;;;;Revestimiento exterior de fibrocemento tinglado;0,006;4,2;6,96,E+11;139;;;;;;;
;;;;Revoque fino de tierra (2½ arena gruesa, 1½ arena fina, 1 arcilla y agua);0,03;2,0;6,67,E+10;13;;;;;;;
;;;;Revoque grueso de tierra (2½ arena gruesa, 1½ arena fina, 1 arcilla, ½ paja, 1 agua);0,03;2,5;8,33,E+10;17;;;;;;;
;;;;SmartPanel;0,0111;15,9;1,43,E+12;316;;;;;;;
;;;;Terciado ranurado  ? = 570 kg/m³;0,009;12,0;1,33,E+12;293;;;;;;;
;;;;Typro;0,0035;4,4;1,27,E+12;253;;;;;;;
;;;;Tyvek homewrap;0,00012;1,1;8,81,E+12;1761;;;;;;;
;;;;Volcán Wrap barrera de vapor;0,000095;59,8;6,29,E+14;125839;;;;;;;
;;;;Volcanwrap Typar 125 m²;0,00025;;;1454;;;;;;;
;;;;XPS Owens Corning Foamular 250 ? = 24 kg/m³;0,0254;;;526;;;;;;;
;;;;Yeso cartón RF ? = 840 kg/m³;0,0125;0,7;5,76,E+10;12;;;;;;;
;;;;Yeso cartón RH ? = 760 kg/m³;0,0125;0,7;5,43,E+10;11;;;;;;;
;;;;Yeso Cartón ST ? = 750 kg/m³;0,01;0,9;8,91,E+10;20;;;;;;;
;;;;;;;;;;;;;;;
;;;;;;;;;;;;;;;
;;;;NCh 853.Of2007;;;;;;;;;;;
;;;;Material;"Resistencia térmica
R
m²K/W";"Factor de resistencia al vapor de agua 
?";;;;;;;;;
;;;;Cámara de aire no ventilada, E = 0,82;según NCh 853.Of2007;1;;;;;;;;;
;;;;Cámara de aire no ventilada, E = 0,20;según NCh 853.Of2007;1;;;;;;;;;
;;;;Cámara de aire no ventilada, E = 0,11;según NCh 853.Of2007;1;;;;;;;;;
;;;;Cámara de aire no ventilada, E = 0,05;según NCh 853.Of2007;1;;;;;;;;;
;;;;Perfil acero 38x38x0,85;según NCh 853.Of2007;inf;;;;;;;;;
;;;;Perfil acero 60x38x0,85;según NCh 853.Of2007;inf;;;;;;;;;
;;;;Perfil acero 90x38x0,85;según NCh 853.Of2007;inf;;;;;;;;;
;;;;Perfil acero;*según cálculo usuario*;inf;;;;;;;;;
;;;;NOTA: E = Emisividad, inf = infinito;;;;;;;;;;;
;;;;;;;;;;;;;;;
;;ISO 10456;;;;;;;;;;;;;
;;Tabla 3 - Valores térmicos de diseño para materiales en aplicaciones generales de la edificación;;;;;;;;;;;;;
;;Grupo;Nombre para mostrar;Materiales o aplicación;"Densidad
?
kg/m³";"Conductividad térmica de diseño
?
W/(m?K)";"Capacidad calorífica específica
CP
J/(kg?K)";"factor de resistencia al vapor de agua
?
seco";"factor de resistencia al vapor de agua
?
húmedo";;;;;;
;;;---Asfalto---;;;;;;;;;;;;
;;Asfalto;Asfalto - Asfalto, ? =2100 kg/m³;Asfalto;2100;0,70;1000;50000;50000;;;;;;
;;;---Bitumen---;;;;;;;;;;;;
;;Bitumen;Bitumen - Puro, ? =1050 kg/m³;Puro;1050;0,17;1000;50000;50000;;;;;;
;;Bitumen;Bitumen - Fieltro/lámina, ? =1100 kg/m³;Fieltro/lámina;1100;0,23;1000;50000;50000;;;;;;
;;;---Hormigón---;;;;;;;;;;;;
;;Hormigón;Hormigón - Densidad media, ? =1800 kg/m³;Densidad media;1800;1,15;1000;100;60;;;;;;
;;Hormigón;Hormigón - Densidad media, ? =2000 kg/m³;Densidad media;2000;1,35;1000;100;60;;;;;;
;;Hormigón;Hormigón - Densidad media, ? =2200 kg/m³;Densidad media;2200;1,65;1000;120;70;;;;;;
;;Hormigón;Hormigón - Densidad alta, ? =2400 kg/m³;Densidad alta;2400;2,00;1000;130;80;;;;;;
;;Hormigón;Hormigón - Armado (1% de acero), ? =2300 kg/m³;Armado (1% de acero);2300;2,30;1000;130;80;;;;;;
;;Hormigón;Hormigón - Armado (2% de acero), ? =2400 kg/m³;Armado (2% de acero);2400;2,50;1000;130;80;;;;;;
;;;---Recubrimientos de piso---;;;;;;;;;;;;
;;Recubrimientos de piso;Caucho, ? =1200 kg/m³;Caucho;1200;0,17;1400;10000;10000;;;;;;
;;Recubrimientos de piso;Plástico, ? =1700 kg/m³;Plástico;1700;0,25;1400;10000;10000;;;;;;
;;Recubrimientos de piso;caucho celular o plástico sobre radier, ? =270 kg/m³;caucho celular o plástico sobre radier;270;0,10;1400;10000;10000;;;;;;
;;Recubrimientos de piso;fieltro sobre radier, ? =120 kg/m³;fieltro sobre radier;120;0,05;1300;20;15;;;;;;
;;Recubrimientos de piso;lana sobre radier, ? =200 kg/m³;lana sobre radier;200;0,06;1300;20;15;;;;;;
;;Recubrimientos de piso;corcho sobre radier, ? =< 200 kg/m³;corcho sobre radier;< 200;0,05;1500;20;10;;;;;;
;;Recubrimientos de piso;corcho, palmetas, ? => 400 kg/m³;corcho, palmetas;> 400;0,07;1500;40;20;;;;;;
;;Recubrimientos de piso;alfombra / recubrimiento textil, ? =200 kg/m³;alfombra / recubrimiento textil;200;0,06;1300;5;5;;;;;;
;;Recubrimientos de piso;linóleo, ? =1200 kg/m³;linóleo;1200;0,17;1400;1000;800;;;;;;
;;;---Gases---;;;;;;;;;;;;
;;Gases;aire, ? =1,23 kg/m³;aire;1,23;0,03;1008;1;1;;;;;;
;;Gases;dióxido de carbono, ? =1,95 kg/m³;dióxido de carbono;1,95;0,01;820;1;1;;;;;;
;;Gases;argón, ? =1,7 kg/m³;argón;1,7;0,02;519;1;1;;;;;;
;;Gases;Hexafloruro de azufre, ? =6,36 kg/m³;Hexafloruro de azufre;6,36;0,01;614;1;1;;;;;;
;;Gases;kriptón, ? =3,56 kg/m³;kriptón;3,56;0,01;245;1;1;;;;;;
;;Gases;xenón, ? =5,68 kg/m³;xenón;5,68;0,01;160;1;1;;;;;;
;;;---Vidrio---;;;;;;;;;;;;
;;Vidrio;de cal sodada (incluyendo vidrio flotado), ? =2500 kg/m³;de cal sodada (incluyendo vidrio flotado);2500;1,00;750;inf;inf;;;;;;
;;Vidrio;de cuarzo, ? =2200 kg/m³;de cuarzo;2200;1,40;750;inf;inf;;;;;;
;;Vidrio;mosaico, ? =2000 kg/m³;mosaico;2000;1,20;750;inf;inf;;;;;;
;;;---Agua---;;;;;;;;;;;;
;;agua;hielo a -10 °C, ? =920 kg/m³;hielo a -10 °C;920;2,30;2000;-;-;;;;;;
;;agua;hielo a 0 °C, ? =900 kg/m³;hielo a 0 °C;900;2,20;2000;-;-;;;;;;
;;agua;nieve, recién caida (< 30 mm), ? =100 kg/m³;nieve, recién caida (< 30 mm);100;0,05;2000;-;-;;;;;;
;;agua;nieve, suave (30 a 70 mm), ? =200 kg/m³;nieve, suave (30 a 70 mm);200;0,12;2000;-;-;;;;;;
;;agua;nieve, levemente compactada (70 a 100 mm), ? =300 kg/m³;nieve, levemente compactada (70 a 100 mm);300;0,23;2000;-;-;;;;;;
;;agua;nieve, compactada (< 200 mm), ? =500 kg/m³;nieve, compactada (< 200 mm);500;0,60;2000;-;-;;;;;;
;;agua;agua a 10 °C, ? =1000 kg/m³;agua a 10 °C;1000;0,60;4190;-;-;;;;;;
;;agua;agua a 40 °C, ? =990 kg/m³;agua a 40 °C;990;0,63;4190;-;-;;;;;;
;;agua;agua a 80 °C, ? =970 kg/m³;agua a 80 °C;970;0,67;4190;-;-;;;;;;
;;;---Metales---;;;;;;;;;;;;
;;metales;Aleaciones de aluminio, ? =2800 kg/m³;Aleaciones de aluminio;2800;160;880;inf;inf;;;;;;
;;metales;Bronce, ? =8700 kg/m³;Bronce;8700;65;380;inf;inf;;;;;;
;;metales;Latón, ? =8400 kg/m³;Latón;8400;120;380;inf;inf;;;;;;
;;metales;Cobre, ? =8900 kg/m³;Cobre;8900;380;380;inf;inf;;;;;;
;;metales;Hierro, hierro fundido, ? =7500 kg/m³;Hierro, hierro fundido;7500;50;450;inf;inf;;;;;;
;;metales;Plomo, ? =11300 kg/m³;Plomo;11300;35;130;inf;inf;;;;;;
;;metales;Acero, ? =7800 kg/m³;Acero;7800;50;450;inf;inf;;;;;;
;;metales;Acero inoxidable, ? =7900 kg/m³;Acero inoxidable;7900;17;500;inf;inf;;;;;;
;;metales;Acero inoxidable, ? =7900 kg/m³;Acero inoxidable;7900;30;460;inf;inf;;;;;;
;;metales;Zinc, ? =7200 kg/m³;Zinc;7200;110;380;inf;inf;;;;;;
;;;---Plásticos---;;;;;;;;;;;;
;;Plásticos;Acrílico, ? =1050 kg/m³;Acrílico;1050;0,20;1500;10000;10000;;;;;;
;;Plásticos;Policarbonato, ? =1200 kg/m³;Policarbonato;1200;0,20;1200;5000;5000;;;;;;
;;Plásticos;Politetrafluoretileno (PTFE), ? =2200 kg/m³;Politetrafluoretileno (PTFE);2200;0,25;1000;10000;10000;;;;;;
;;Plásticos;Policloruro de vinilo (PVC), ? =1390 kg/m³;Policloruro de vinilo (PVC);1390;0,17;900;50000;50000;;;;;;
;;Plásticos;Polimetilmetacrilato (PMMA), ? =1180 kg/m³;Polimetilmetacrilato (PMMA);1180;0,18;1500;50000;50000;;;;;;
;;Plásticos;Poliacetato, ? =1410 kg/m³;Poliacetato;1410;0,30;1400;100000;100000;;;;;;
;;Plásticos;Poliamida (nylon), ? =1150 kg/m³;Poliamida (nylon);1150;0,25;1600;50000;50000;;;;;;
;;Plásticos;Poliamida 6,6 con 25% fibra de vidrio, ? =1450 kg/m³;Poliamida 6,6 con 25% fibra de vidrio;1450;0,30;1600;50000;50000;;;;;;
;;Plásticos;Polietileno/polietano, alta densidad, ? =980 kg/m³;Polietileno/polietano, alta densidad;980;0,50;1800;100000;100000;;;;;;
;;Plásticos;Polietileno/polietano, baja densidad, ? =920 kg/m³;Polietileno/polietano, baja densidad;920;0,33;2200;100000;100000;;;;;;
;;Plásticos;Poliestireno, ? =1050 kg/m³;Poliestireno;1050;0,16;1300;100000;100000;;;;;;
;;Plásticos;Polipropileno, ? =910 kg/m³;Polipropileno;910;0,22;1800;10000;10000;;;;;;
;;Plásticos;Polipropileno con 25% fibra de vidrio, ? =1200 kg/m³;Polipropileno con 25% fibra de vidrio;1200;0,25;1800;10000;10000;;;;;;
;;Plásticos;Poliuretano (PU), ? =1200 kg/m³;Poliuretano (PU);1200;0,25;1800;6000;6000;;;;;;
;;Plásticos;Resina epóxica, ? =1200 kg/m³;Resina epóxica;1200;0,20;1400;10000;10000;;;;;;
;;Plásticos;Resina fenólica, ? =1300 kg/m³;Resina fenólica;1300;0,30;1700;100000;100000;;;;;;
;;Plásticos;Resina poliéster, ? =1400 kg/m³;Resina poliéster;1400;0,19;1200;10000;10000;;;;;;
;;;---Caucho---;;;;;;;;;;;;
;;Caucho;Natural, ? =910 kg/m³;Natural;910;0,13;1100;10000;10000;;;;;;
;;Caucho;Neopreno (policloropreno), ? =1240 kg/m³;Neopreno (policloropreno);1240;0,23;2140;10000;10000;;;;;;
;;Caucho;Butilo, (isobutano), sólido/caliente derretido, ? =1200 kg/m³;Butilo, (isobutano), sólido/caliente derretido;1200;0,24;1400;200000;200000;;;;;;
;;Caucho;Espuma de caucho, ? =60-80 kg/m³;Espuma de caucho;60-80;0,06;1500;7000;7000;;;;;;
;;Caucho;Caucho duro (ebonita), sólido, ? =1200 kg/m³;Caucho duro (ebonita), sólido;1200;0,17;1400;inf;inf;;;;;;
;;Caucho;EPDM, ? =1150 kg/m³;EPDM;1150;0,25;1000;6000;6000;;;;;;
;;Caucho;Poliisobutileno, ? =930 kg/m³;Poliisobutileno;930;0,20;1100;10000;10000;;;;;;
;;Caucho;Polisulfuro, ? =1700 kg/m³;Polisulfuro;1700;0,40;1000;10000;10000;;;;;;
;;Caucho;Butadieno, ? =980 kg/m³;Butadieno;980;0,25;1000;100000;100000;;;;;;
;;;---Materiales sellantes, impermeabilizantes y otros---;;;;;;;;;;;;
;;Sellantes y otros;Gel de sílice (desecante), ? =720 kg/m³;Gel de sílice (desecante);720;0,13;1000;inf;inf;;;;;;
;;Sellantes y otros;Silicona, pura, ? =1200 kg/m³;Silicona, pura;1200;0,35;1000;5000;5000;;;;;;
;;Sellantes y otros;Silicona, rellena, ? =1450 kg/m³;Silicona, rellena;1450;0,50;1000;5000;5000;;;;;;
;;Sellantes y otros;Espuma de silicona, ? =750 kg/m³;Espuma de silicona;750;0,12;1000;10000;10000;;;;;;
;;Sellantes y otros;uretano/poliuretano (quiebre térmico), ? =1300 kg/m³;uretano/poliuretano (quiebre térmico);1300;0,21;1800;60;60;;;;;;
;;Sellantes y otros;PVC, flexible, con 40% de suavisante, ? =1200 kg/m³;PVC, flexible, con 40% de suavisante;1200;0,14;1000;100000;100000;;;;;;
;;Sellantes y otros;espuma elastomérica, flexible, ? =60-80 kg/m³;espuma elastomérica, flexible;60-80;0,05;1500;10000;10000;;;;;;
;;Sellantes y otros;espuma de poliuretano (PU), ? =70 kg/m³;espuma de poliuretano (PU);70;0,05;1500;60;60;;;;;;
;;Sellantes y otros;Espuma de polietileno, ? =70 kg/m³;Espuma de polietileno;70;0,05;2300;100;100;;;;;;
;;;---Yeso---;;;;;;;;;;;;
;;Yeso;Yeso, ? =600 kg/m³;Yeso;600;0,18;1000;10;4;;;;;;
;;Yeso;Yeso, ? =900 kg/m³;Yeso;900;0,40;1000;10;4;;;;;;
;;Yeso;Yeso, ? =1200 kg/m³;Yeso;1200;0,57;1000;10;4;;;;;;
;;Yeso;Yeso, ? =1500 kg/m³;Yeso;1500;0,80;1000;10;4;;;;;;
;;Yeso;Yeso cartón, ? =700 kg/m³;Yeso cartón;700;0,80;1000;10;4;;;;;;
;;Yeso;Yeso, ? =900 kg/m³;Yeso;900;1,00;1000;10;4;;;;;;
;;;---Enlucidos---;;;;;;;;;;;;
;;Enlucidos;Enlucido de yeso aislante, ? =600 kg/m³;Enlucido de yeso aislante;600;0,18;1000;10;6;;;;;;
;;Enlucidos;Enlucido de yeso, ? =1000 kg/m³;Enlucido de yeso;1000;0,40;1000;10;6;;;;;;
;;Enlucidos;Enlucido de yeso, ? =1300 kg/m³;Enlucido de yeso;1300;0,57;1000;10;6;;;;;;
;;Enlucidos;Yeso, arena, ? =1600 kg/m³;Yeso, arena;1600;0,80;1000;10;6;;;;;;
;;Enlucidos;Cal, arena, ? =1600 kg/m³;Cal, arena;1600;0,80;1000;10;6;;;;;;
;;Enlucidos;Cemento, arena, ? =1800 kg/m³;Cemento, arena;1800;1,00;1000;10;6;;;;;;
;;;---Suelos---;;;;;;;;;;;;
;;suelos;Arcilla o sedimentos, ? =1200-1800 kg/m³;Arcilla o sedimentos;1200-1800;1,50;1670-2500;50;50;;;;;;
;;suelos;Arena y grava, ? =1700-2200 kg/m³;Arena y grava;1700-2200;2,00;910-1180;50;50;;;;;;
;;;---Rocas---;;;;;;;;;;;;
;;rocas;Natural, roca cristalina, ? =2800 kg/m³;Natural, roca cristalina;2800;3,50;1000;10000;10000;;;;;;
;;rocas;Natural, roca sedimentaria, ? =2600 kg/m³;Natural, roca sedimentaria;2600;2,30;1000;250;200;;;;;;
;;rocas;Natural, roca sedimentaria, liviana, ? =1500 kg/m³;Natural, roca sedimentaria, liviana;1500;0,85;1000;30;20;;;;;;
;;rocas;Natural, porosa, por ej. lava, ? =1600 kg/m³;Natural, porosa, por ej. lava;1600;0,55;1000;20;15;;;;;;
;;rocas;Basalto, ? =2700-3000 kg/m³;Basalto;2700-3000;3,50;1000;10000;10000;;;;;;
;;rocas;Gneis, ? =2400-2700 kg/m³;Gneis;2400-2700;3,50;1000;10000;10000;;;;;;
;;rocas;Granito, ? =2500-2700 kg/m³;Granito;2500-2700;2,80;1000;10000;10000;;;;;;
;;rocas;Mármol, ? =2800 kg/m³;Mármol;2800;3,50;1000;10000;10000;;;;;;
;;rocas;Pizarra, ? =2000-2800 kg/m³;Pizarra;2000-2800;2,20;1000;1000;800;;;;;;
;;rocas;Piedra caliza, extra suave, ? =1600 kg/m³;Piedra caliza, extra suave;1600;0,85;1000;30;20;;;;;;
;;rocas;Piedra caliza, suave, ? =1800 kg/m³;Piedra caliza, suave;1800;1,10;1000;40;25;;;;;;
;;rocas;Piedra caliza, semi dura, ? =2000 kg/m³;Piedra caliza, semi dura;2000;1,40;1000;50;40;;;;;;
;;rocas;Piedra caliza, dura, ? =2200 kg/m³;Piedra caliza, dura;2200;1,70;1000;200;150;;;;;;
;;rocas;Piedra caliza, extra dura, ? =2600 kg/m³;Piedra caliza, extra dura;2600;2,30;1000;250;200;;;;;;
;;rocas;Roca arenosa (sílice), ? =2600 kg/m³;Roca arenosa (sílice);2600;2,30;1000;40;30;;;;;;
;;rocas;Piedra pómez natural, ? =400 kg/m³;Piedra pómez natural;400;0,12;1000;8;6;;;;;;
;;rocas;Piedra artificial, ? =1750 kg/m³;Piedra artificial;1750;1,30;1000;50;40;;;;;;
;;;---Tejas---;;;;;;;;;;;;
;;Tejas;Arcilla, ? =2000 kg/m³;Arcilla;2000;1,00;800;40;30;;;;;;
;;Tejas;concreto, ? =2100 kg/m³;concreto;2100;1,50;100;100;60;;;;;;
;;;---Baldosas---;;;;;;;;;;;;
;;Baldosas;cerámica/porcelana, ? =2300 kg/m³;cerámica/porcelana;2300;1,30;840;inf;inf;;;;;;
;;Baldosas;Plástica, ? =1000 kg/m³;Plástica;1000;0,20;1000;10000;10000;;;;;;
;;;---Madera---;;;;;;;;;;;;
;;madera;Pino, ? =450 kg/m³;Pino;450;0,12;1600;50;20;;;;;;
;;madera;Pino, ? =500 kg/m³;Pino;500;0,13;1600;50;20;;;;;;
;;madera;Pino, ? =700 kg/m³;Pino;700;0,18;1600;200;50;;;;;;
;;;---Tableros de madera---;;;;;;;;;;;;
;;Tableros de madera;Contrachapada, ? =300 kg/m³;Contrachapada;300;0,09;1600;150;50;;;;;;
;;Tableros de madera;Contrachapada, ? =500 kg/m³;Contrachapada;500;0,13;1600;200;70;;;;;;
;;Tableros de madera;Contrachapada, ? =700 kg/m³;Contrachapada;700;0,17;1600;220;90;;;;;;
;;Tableros de madera;Contrachapada, ? =1000 kg/m³;Contrachapada;1000;0,24;1600;250;110;;;;;;
;;Tableros de madera;partículas aglomeradas con cemento, ? =1200 kg/m³;partículas aglomeradas con cemento;1200;0,23;1500;50;30;;;;;;
;;Tableros de madera;aglomerada, ? =300 kg/m³;aglomerada;300;0,10;1700;50;10;;;;;;
;;Tableros de madera;aglomerada, ? =600 kg/m³;aglomerada;600;0,14;1700;50;15;;;;;;
;;Tableros de madera;aglomerada, ? =900 kg/m³;aglomerada;900;0,18;1700;50;20;;;;;;
;;Tableros de madera;OSB, ? =650 kg/m³;OSB;650;0,13;1700;50;30;;;;;;
;;Tableros de madera;fibras, incluyendo MDF, ? =250 kg/m³;fibras, incluyendo MDF;250;0,07;1700;5;3;;;;;;
;;Tableros de madera;fibras, incluyendo MDF, ? =400 kg/m³;fibras, incluyendo MDF;400;0,10;1700;10;5;;;;;;
;;Tableros de madera;fibras, incluyendo MDF, ? =600 kg/m³;fibras, incluyendo MDF;600;0,14;1700;20;12;;;;;;
;;Tableros de madera;fibras, incluyendo MDF, ? =800 kg/m³;fibras, incluyendo MDF;800;0,18;1700;30;20;;;;;;
;;;;;;;;;;;;;;;
;;;ISO 10456;;;;;;;;;;;;
;;;Tabla 4 (extracto);;;;;;;;;;;;
;;;Nombre para mostrar;Material;"Densidad
?
kg/m³";"Factor de resistencia al vapor de agua 
? 
seco";"Factor de resistencia al vapor de agua 
? 
húmedo";"Capacidad calorífica específica
CP
J/(kg?K)";;;;;;;
;;;Poliestireno expandido, ? =10-50 kg/m³;Poliestireno expandido;10-50;60;60;1450;;;;;;;
;;;espuma de poliestireno extruido, ? =20-65 kg/m³;espuma de poliestireno extruido;20-65;150;150;1450;;;;;;;
;;;espuma de poliuretano, rígida, ? =28-55 kg/m³;espuma de poliuretano, rígida;28-55;60;60;1400;;;;;;;
;;;lana mineral, ? =10-200 kg/m³;lana mineral;10-200;1;1;1030;;;;;;;
;;;espuma fenólica, ? =20-50 kg/m³;espuma fenólica;20-50;50;50;1400;;;;;;;
;;;vidrio celular, ? =100-150 kg/m³;vidrio celular;100-150;inf;inf;1000;;;;;;;
;;;tablero de perlita, ? =140-240 kg/m³;tablero de perlita;140-240;5;5;900;;;;;;;
;;;corcho expandido, ? =90-140 kg/m³;corcho expandido;90-140;10;5;1560;;;;;;;
;;;tablero de lana de madera, ? =250-450 kg/m³;tablero de lana de madera;250-450;5;3;1470;;;;;;;
;;;tablero de fibra de madera, ? =40-250 kg/m³;tablero de fibra de madera;40-250;5;3;2000;;;;;;;
;;;espuma de urea-formaldehído, ? =10-30 kg/m³;espuma de urea-formaldehído;10-30;2;2;1400;;;;;;;
;;;espuma de poliuretano aplicada en spray, ? =30-50 kg/m³;espuma de poliuretano aplicada en spray;30-50;60;60;1400;;;;;;;
;;;relleno suelto de lana mineral, ? =15-60 kg/m³;relleno suelto de lana mineral;15-60;1;1;1030;;;;;;;
;;;relleno suelto de fibra de celulosa, ? =20-60 kg/m³;relleno suelto de fibra de celulosa;20-60;2;2;1600;;;;;;;
;;;relleno suelto de perilta expandida, ? =30-150 kg/m³;relleno suelto de perilta expandida;30-150;2;2;900;;;;;;;
;;;relleno suelto de vermiculita exfoliada, ? =30-150 kg/m³;relleno suelto de vermiculita exfoliada;30-150;3;2;1080;;;;;;;
;;;relleno suelto de arcilla expandida, ? =200-400 kg/m³;relleno suelto de arcilla expandida;200-400;2;2;1000;;;;;;;
;;;relleno suelto de perlas de poliestireno expandido, ? =10-30 kg/m³;relleno suelto de perlas de poliestireno expandido;10-30;2;2;1400;;;;;;;
;;;barro cocido, ? =1000-2400 kg/m³;barro cocido;1000-2400;16;10;1000;;;;;;;
;;;;;;;;;;;;;;;
;;;;ISO 10456;;;;;;;;;;;
;;;;Tabla 5 - Difusión de vapor de agua - espesor de aire equivalente;;;;;;;;;;;
;;;;Producto/material;"Espesor de aire equivalente
Sd
m";;;;;;;;;;
;;;;Polietileno 0,15 mm;50;;;;;;;;;;
;;;;Polietileno 0,25 mm;100;;;;;;;;;;
;;;;Lámina de poliester 0,2 mm;50;;;;;;;;;;
;;;;Lámina de PVC;30;;;;;;;;;;
;;;;Lámina de aluminio 0,05 mm;1500;;;;;;;;;;
;;;;Lámina de PE 0,15 mm;8;;;;;;;;;;
;;;;Papel bituminoso 0,1 mm;2;;;;;;;;;;
;;;;Papel de aluminio 0,4 mm;10;;;;;;;;;;
;;;;membrana respirable;0,2;;;;;;;;;;
;;;;Pintura - emulsión;0,1;;;;;;;;;;
;;;;Pintura - gloss;3;;;;;;;;;;
;;;;Papel mural vinílico;2;;;;;;;;;;
;;;;;;;;;;;;;;;
;;;;;;;;;;;;;;;
;;;;;;;;;;;;;;;
;;;;;;;;;;;;;;;
;;;;;;;;;;;;;;;
;;;;;;;;;;;;;;;
